"","Transcript ID","Fold-change"
"1",4786,61
"2",2918,39.6
"3",2919,39
"4",5071,30.6666666666667
"5",306,28
"6",4667,0.00129366106080207
"7",5548,0.00854700854700855
"8",4674,0.0119047619047619
"9",1403,0.0149812734082397
"10",5661,0.015748031496063
